label,class,support,precision,recall,f1
0.0,Estable,148984,0.8752047065032637,0.7568866455458304,0.8117569566672785
1.0,Top,51049,0.491220677061385,0.6850281102470176,0.5721578219717112
