prediction,count,pct
0,145069,72.52253378192599
1,54964,27.47746621807402
